oiii_5007_flux,nii_6584_flux,h_beta_flux,h_alpha_flux,oiii_hbeta_ratio,nii_halpha_ratio,class,subclass
6074.062,1743.394,3250.791,10285.94,1.868487,0.1694929,GALAXY,STARBURST
577.4553,2210.942,1254.602,4352.196,0.4602698,0.508006,GALAXY,STARBURST
114.4921,200.4113,68.5118,215.8928,1.67113,0.9282908,GALAXY,BROADLINE
111.1376,128.6146,58.32586,161.0728,1.90546,0.7984875,GALAXY,BROADLINE
278.6271,1349.898,203.4313,859.0906,1.369637,1.571311,GALAXY,AGN BROADLINE
78.39893,155.3322,45.66092,135.2715,1.716981,1.148299,GALAXY,BROADLINE
324.1389,1348.496,589.4449,2299.229,0.5499052,0.5864994,GALAXY,STARFORMING
638.9077,3709.226,1519.601,6541.773,0.4204443,0.5670062,GALAXY,STARFORMING
206.196,510.868,88.78378,349.4867,2.322451,1.461767,GALAXY,AGN
162.7971,985.9525,519.0616,2160.269,0.3136373,0.4564027,GALAXY,STARFORMING
44.30309,64.70358,19.25129,45.91686,2.301305,1.409146,GALAXY,BROADLINE
68.7897,54.77916,28.71009,70.48476,2.396012,0.7771774,GALAXY,BROADLINE
42.79592,34.58287,19.54442,49.43196,2.189675,0.6996054,GALAXY,BROADLINE
50.91447,51.62276,34.54463,85.2169,1.473875,0.6057808,GALAXY,
246.3916,458.694,84.22272,385.5475,2.925477,1.189721,GALAXY,BROADLINE
136.7431,172.2631,58.73833,158.8675,2.328004,1.084319,GALAXY,
319.9759,1715.968,1358.307,4808.221,0.2355695,0.3568821,GALAXY,STARFORMING
1700.553,4230.667,3136.074,11471.43,0.5422555,0.3688003,GALAXY,STARBURST
124.5564,1491.908,809.8279,3593.997,0.153806,0.4151112,GALAXY,STARFORMING
100.043,291.1169,103.394,337.1686,0.9675905,0.8634165,GALAXY,AGN
1747.754,1430.799,1590.645,6157.592,1.098771,0.2323634,GALAXY,STARBURST
116.4139,181.4158,62.83074,176.267,1.852817,1.02921,GALAXY,BROADLINE
106.3675,95.3795,36.77844,117.4972,2.892115,0.8117599,GALAXY,BROADLINE
150.1393,140.4799,78.27047,152.5684,1.918212,0.9207664,GALAXY,BROADLINE
2082.449,320.8546,781.5953,2816.121,2.664357,0.113935,GALAXY,STARBURST
27.33624,23.36345,16.97291,31.54079,1.610581,0.7407376,GALAXY,BROADLINE
85.03702,150.8927,54.687,149.1404,1.554977,1.011749,GALAXY,BROADLINE
25.18576,42.805,11.15251,39.5629,2.258305,1.081948,GALAXY,BROADLINE
54.77234,90.33938,20.45427,73.46342,2.677795,1.229719,GALAXY,BROADLINE
27.50988,241.2939,163.4442,783.5665,0.1683136,0.3079431,GALAXY,STARFORMING
200.9308,2528.586,1102.606,5350.819,0.1822327,0.4725605,GALAXY,STARFORMING
224.9048,243.7554,100.7597,244.9906,2.23209,0.9949582,GALAXY,BROADLINE
595.333,4085.684,2186.901,9309.233,0.2722268,0.4388852,GALAXY,STARBURST
365.2667,865.1218,133.6285,517.0765,2.733449,1.673102,GALAXY,BROADLINE
225.0186,1497.636,894.1333,3285.096,0.2516612,0.4558881,GALAXY,STARFORMING
168.3746,262.1568,109.4587,395.4808,1.538248,0.6628814,GALAXY,BROADLINE
79.03995,482.6453,246.7487,1114.876,0.3203257,0.432914,GALAXY,STARFORMING
71.53205,213.8211,34.75086,153.5443,2.058425,1.39257,GALAXY,BROADLINE
184.5202,1716.851,1115.458,4548.184,0.165421,0.3774807,GALAXY,STARFORMING
18.58572,80.13768,31.51543,95.02374,0.5897338,0.8433437,GALAXY,BROADLINE
334.6782,1096.429,416.9622,1233.817,0.8026584,0.8886478,GALAXY,STARFORMING BROADLINE
97.33463,423.598,91.89371,415.9179,1.059209,1.018466,GALAXY,AGN
56.18512,154.0647,70.29011,277.9914,0.7993318,0.5542068,GALAXY,STARFORMING
139.8146,577.8047,82.7543,448.6612,1.689514,1.287842,GALAXY,
204.2914,895.5151,647.4868,2550.603,0.3155144,0.3510993,GALAXY,STARFORMING
171.6011,2005.167,754.1227,3209.964,0.2275506,0.6246697,GALAXY,STARFORMING
60.98762,92.53404,30.72988,66.3187,1.984635,1.395293,GALAXY,
260.0429,316.27,175.2333,608.4916,1.483981,0.5197606,GALAXY,STARFORMING
151.9955,1394.847,649.8162,3188.932,0.2339054,0.4374024,GALAXY,STARFORMING
475.681,377.6988,265.1546,925.1013,1.793976,0.4082783,GALAXY,STARFORMING
767.9733,644.0153,583.1999,1815.267,1.316827,0.3547771,GALAXY,STARFORMING
87.41045,965.9288,450.6973,2550.594,0.1939449,0.3787074,GALAXY,STARFORMING
707.3505,571.7795,647.9645,2398.796,1.09165,0.238361,GALAXY,STARFORMING
57.34115,180.5769,49.74249,170.1282,1.15276,1.061416,GALAXY,BROADLINE
1485.509,2058.439,386.1893,1945.398,3.846583,1.058107,GALAXY,AGN
52.35191,174.7336,35.74885,143.8768,1.464436,1.214467,GALAXY,BROADLINE
48.20422,117.0291,42.46762,109.5187,1.135082,1.068576,GALAXY,BROADLINE
176.7543,209.0114,111.2034,265.7087,1.589469,0.7866186,GALAXY,BROADLINE
130.5701,63.12643,35.5944,112.7137,3.668276,0.5600601,GALAXY,
93.88316,370.2016,59.08947,213.7847,1.588831,1.731657,GALAXY,BROADLINE
35.62173,104.6454,55.51481,174.6842,0.6416616,0.5990548,GALAXY,STARFORMING
31.79686,142.6109,57.48275,331.4339,0.5531548,0.4302844,GALAXY,STARFORMING BROADLINE
218.7324,816.3755,505.8112,1826.617,0.4324388,0.4469331,GALAXY,STARFORMING
91.87317,387.5037,124.5139,532.1008,0.7378547,0.7282525,GALAXY,STARFORMING
1510.62,882.5734,910.3036,3310.609,1.659468,0.2665895,GALAXY,STARFORMING
2545.94,1973.572,2119.171,6880.708,1.201385,0.2868268,GALAXY,STARBURST
78.77563,225.5064,59.15803,166.2006,1.331613,1.356833,GALAXY,BROADLINE
87.98524,492.7685,148.2663,576.1801,0.593427,0.8552335,GALAXY,STARFORMING BROADLINE
370.8294,1017.009,185.4991,805.1729,1.99909,1.263094,GALAXY,AGN BROADLINE
88.7822,135.8652,64.62541,183.0829,1.373797,0.7420967,GALAXY,BROADLINE
2703.689,804.0414,1363.554,4564.237,1.982826,0.1761612,GALAXY,STARBURST
83.72035,187.0802,56.97929,120.736,1.469312,1.549497,GALAXY,BROADLINE
82.0985,221.4858,38.93745,139.2496,2.108471,1.590567,GALAXY,BROADLINE
162.6689,1728.02,821.5505,4328.415,0.1980023,0.3992271,GALAXY,STARBURST
50.58302,54.2353,20.28295,60.46059,2.49387,0.8970356,GALAXY,BROADLINE
89.08842,332.4998,37.23289,198.7292,2.392735,1.673131,GALAXY,BROADLINE
566.336,2705.238,861.8557,4598.079,0.6571123,0.5883409,GALAXY,STARBURST
70.0569,402.5594,236.4291,923.4749,0.2963125,0.4359181,GALAXY,STARFORMING
47.88549,860.1495,382.542,1360.418,0.1251771,0.6322683,GALAXY,STARFORMING
60.33906,139.7782,38.31512,132.6429,1.574811,1.053794,GALAXY,BROADLINE
41.82707,67.62585,31.88369,82.85461,1.311864,0.8161989,GALAXY,
2969.591,8326.551,4203.848,16946.53,0.7063982,0.4913427,GALAXY,STARBURST
197.7986,242.5154,133.17,356.8911,1.485309,0.6795221,GALAXY,AGN BROADLINE
45.98049,101.3646,24.46935,82.88174,1.879106,1.223003,GALAXY,BROADLINE
59.01332,290.929,82.29792,356.5822,0.7170694,0.8158821,GALAXY,STARFORMING BROADLINE
242.9898,3545.336,2526.197,9994.48,0.09618796,0.3547294,GALAXY,STARBURST
164.2781,502.3858,135.2112,527.9299,1.214974,0.9516146,GALAXY,AGN BROADLINE
470.1197,3992.471,2261.424,8449.703,0.2078866,0.4724983,GALAXY,STARBURST
286.3273,610.662,154.8157,646.5287,1.849472,0.9445243,GALAXY,AGN
354.336,691.6788,432.2445,1476.273,0.8197583,0.4685303,GALAXY,STARFORMING
3904.738,1267.244,2039.811,7974.744,1.914265,0.1589071,GALAXY,STARBURST
71.53233,901.051,413.0907,2447.538,0.1731637,0.3681459,GALAXY,STARFORMING
95.74272,482.0188,73.97823,375.0424,1.294201,1.285238,GALAXY,BROADLINE
84.81606,162.5916,30.12839,93.56311,2.815155,1.737774,GALAXY,BROADLINE
131.3573,733.5363,99.25674,381.3207,1.323409,1.923673,GALAXY,AGN
76.21757,2264.24,581.3502,3564.034,0.1311044,0.6353027,GALAXY,STARFORMING
99.20126,457.9238,369.6912,1376.463,0.2683355,0.3326814,GALAXY,STARFORMING
165.9937,3082.557,1454.864,7645.03,0.1140957,0.4032106,GALAXY,STARBURST
1267.279,1467.125,1461.345,5745.364,0.8672007,0.255358,GALAXY,STARBURST
179.1829,375.7175,120.8777,532.2703,1.482349,0.7058773,GALAXY,STARFORMING
24.81091,98.9289,17.75634,93.27818,1.397299,1.060579,GALAXY,BROADLINE
43.36893,106.5497,30.17632,94.28511,1.437184,1.130079,GALAXY,BROADLINE
35.60287,153.6343,31.32659,130.4462,1.136507,1.17776,GALAXY,BROADLINE
50.62443,116.9346,37.42976,132.2149,1.352518,0.8844281,GALAXY,BROADLINE
34.95742,135.3491,20.84201,112.7452,1.677258,1.200487,GALAXY,BROADLINE
132.8862,278.3137,70.10115,183.1857,1.895636,1.519298,GALAXY,BROADLINE
2141.063,220.6049,781.2589,2453.921,2.74053,0.08989893,GALAXY,STARBURST
43.67199,77.99361,32.085,83.36719,1.361134,0.9355433,GALAXY,BROADLINE
74.01881,851.6698,421.1026,2087.071,0.1757738,0.4080694,GALAXY,STARBURST
34.94878,163.192,54.64624,266.0399,0.6395459,0.6134117,GALAXY,STARFORMING
74.68004,457.0209,246.7569,1082.922,0.3026462,0.4220255,GALAXY,STARFORMING
297.9874,572.9457,535.697,2008.5,0.5562611,0.2852606,GALAXY,STARBURST
35.14323,112.0971,22.96129,84.53151,1.530543,1.326099,GALAXY,BROADLINE
52.9028,81.42072,20.21087,96.73683,2.617543,0.8416724,GALAXY,BROADLINE
22.94992,92.23811,17.74886,74.23956,1.293036,1.242439,GALAXY,BROADLINE
45.54643,103.2991,20.32749,92.99428,2.240632,1.110812,GALAXY,BROADLINE
128.5184,429.9887,95.04176,346.5287,1.352231,1.240846,GALAXY,BROADLINE
131.0208,1099.545,379.5331,2319.945,0.3452159,0.4739528,GALAXY,STARFORMING
4887.686,2144.424,2969.354,9668.336,1.646043,0.2217986,GALAXY,STARBURST
100.5197,145.2044,82.61692,164.519,1.216697,0.8826001,GALAXY,BROADLINE
217.1909,463.5652,100.35,308.2364,2.164335,1.503927,GALAXY,BROADLINE
221.805,544.3401,80.68275,398.467,2.7491,1.366086,GALAXY,BROADLINE
107.8025,1103.613,645.3887,2591.967,0.1670349,0.425782,GALAXY,STARFORMING
2055.715,205.7148,762.2938,2218.36,2.696749,0.09273285,GALAXY,STARBURST
339.3191,364.3384,238.1575,913.3909,1.424768,0.3988855,GALAXY,STARFORMING
67.42323,316.506,59.88015,231.7584,1.12597,1.365672,GALAXY,AGN
397.0413,579.7974,53.31718,339.9698,7.446781,1.705438,GALAXY,
169.7092,1065.339,326.563,1622.975,0.5196828,0.6564108,GALAXY,STARFORMING
96.24347,528.73,159.8145,794.5302,0.6022201,0.6654626,GALAXY,STARFORMING
201.2907,430.8555,128.325,632.7863,1.568601,0.6808864,GALAXY,AGN
133.8292,963.9767,463.1262,1859.106,0.2889692,0.5185164,GALAXY,STARFORMING
1802.648,1633.201,629.8487,2483.975,2.862034,0.657495,GALAXY,AGN
41.79954,156.9189,53.39894,216.9138,0.7827783,0.7234158,GALAXY,AGN
81.97357,354.9236,194.9846,684.9479,0.4204105,0.518176,GALAXY,STARFORMING BROADLINE
49.95271,279.9547,169.2189,682.2465,0.2951958,0.4103425,GALAXY,STARFORMING
1035.059,11327.55,4447.57,19804.22,0.2327246,0.5719764,GALAXY,STARBURST
1097.839,3161.461,364.6638,1627.747,3.010552,1.942231,GALAXY,AGN
44.83813,158.0713,130.6656,419.5094,0.3431518,0.3768003,GALAXY,STARFORMING
716.2837,776.9305,183.6861,1068.022,3.899498,0.727448,GALAXY,AGN BROADLINE
135.2468,53.95197,76.35136,251.8301,1.771374,0.2142396,GALAXY,STARFORMING
46.30285,803.074,245.9776,2279.313,0.1882401,0.3523315,GALAXY,STARFORMING
87.40623,234.8429,200.7558,758.567,0.4353859,0.3095876,GALAXY,STARFORMING
108.7206,155.4072,85.28259,179.7516,1.274828,0.8645662,GALAXY,AGN BROADLINE
6729.555,2136.215,928.8184,3834.808,7.245286,0.5570592,GALAXY,AGN
70.26254,405.7342,201.9345,854.0805,0.3479471,0.4750538,GALAXY,STARFORMING
537.8494,311.7314,417.3955,1508.548,1.288584,0.2066433,GALAXY,STARBURST
94.55556,679.321,372.8835,1509.113,0.2535793,0.450146,GALAXY,STARFORMING
297.5076,362.0918,423.8577,1410.137,0.7019044,0.2567777,GALAXY,STARBURST
102.4244,95.61901,31.05786,96.0279,3.297857,0.995742,GALAXY,BROADLINE
115.4262,157.4736,80.39015,218.2165,1.435825,0.7216393,GALAXY,BROADLINE
53.58146,40.57557,22.95357,56.2981,2.334341,0.720727,GALAXY,BROADLINE
726.2908,347.2574,501.8161,1695.587,1.447325,0.2048007,GALAXY,STARFORMING
206.9172,428.9828,126.6537,389.5372,1.633724,1.101263,GALAXY,AGN BROADLINE
72.35931,150.7067,43.28411,142.2006,1.671729,1.059818,GALAXY,
420.6646,818.2651,722.3129,2626.005,0.5823855,0.3116007,GALAXY,STARBURST
122.7653,152.0144,46.57806,165.7143,2.63569,0.9173282,GALAXY,AGN
44.26082,116.884,23.61263,86.23957,1.874455,1.35534,GALAXY,BROADLINE
152.3978,455.8994,89.7747,355.8801,1.697558,1.281048,GALAXY,BROADLINE
214.6794,788.5266,98.91177,558.6741,2.170413,1.411425,GALAXY,BROADLINE
35.96411,103.941,63.29774,92.65132,0.5681736,1.121851,GALAXY,BROADLINE
283.4187,621.4313,158.8723,598.0797,1.78394,1.039044,GALAXY,AGN
120.4518,122.1225,31.88703,119.6294,3.777454,1.02084,GALAXY,BROADLINE
61.03,84.88641,38.45169,88.22795,1.587186,0.9621261,GALAXY,BROADLINE
77.93363,391.319,163.8732,732.0427,0.4755726,0.5345576,GALAXY,STARFORMING
78.46451,104.7426,39.84615,108.7614,1.969187,0.9630498,GALAXY,
29.53423,195.5488,38.35725,120.0485,0.7699779,1.628915,GALAXY,
79.64045,2446.315,527.2005,2903.611,0.1510629,0.8425078,GALAXY,STARFORMING
2058.328,2319.284,1521.05,6011.126,1.353228,0.3858318,GALAXY,STARBURST
159.6949,760.7196,391.7705,1616.085,0.4076237,0.4707174,GALAXY,STARFORMING
633.1899,3092.075,1147.451,4687.902,0.5518231,0.6595861,GALAXY,STARFORMING
142.7481,2294.917,601.2401,4676.298,0.2374228,0.4907552,GALAXY,STARFORMING
276.6197,559.9866,223.1246,663.1437,1.239755,0.8444423,GALAXY,AGN BROADLINE
123.6174,254.5491,75.47269,204.149,1.637909,1.246879,GALAXY,BROADLINE
266.7648,1293.288,159.6467,627.265,1.67097,2.061789,GALAXY,AGN BROADLINE
67.93123,140.0918,33.7346,110.757,2.013696,1.264857,GALAXY,BROADLINE
154.5978,162.8001,68.47856,198.6793,2.257609,0.8194113,GALAXY,BROADLINE
29.34442,82.91508,23.73733,75.15179,1.236214,1.103302,GALAXY,BROADLINE
311.3846,1051.812,439.8564,2057.022,0.7079235,0.5113277,GALAXY,STARFORMING
118.2134,468.7492,78.9101,404.7256,1.498077,1.15819,GALAXY,BROADLINE
49.40711,319.7461,119.125,503.1718,0.4147501,0.6354611,GALAXY,STARFORMING BROADLINE
221.2672,245.8423,118.2206,246.12,1.871646,0.9988716,GALAXY,BROADLINE
95.70547,210.8182,44.00045,140.2651,2.175102,1.502998,GALAXY,BROADLINE
47.16491,186.4405,66.66055,301.6982,0.7075385,0.6179702,GALAXY,BROADLINE
2782.235,6373.422,2835.161,15612.58,0.9813321,0.4082237,GALAXY,STARBURST
95.30748,180.162,61.70026,162.0215,1.544685,1.111964,GALAXY,
59.13407,153.4069,24.54325,115.2814,2.409382,1.330716,GALAXY,BROADLINE
247.0402,4117.781,1582.393,7996.467,0.1561181,0.51495,GALAXY,STARBURST
75.92509,410.2394,177.4989,801.6859,0.4277497,0.5117209,GALAXY,STARFORMING
190.3147,472.5334,124.406,332.2785,1.529787,1.4221,GALAXY,BROADLINE
243.3211,1848.884,942.5361,4075.795,0.2581558,0.4536255,GALAXY,STARFORMING
166.8517,1082.414,283.0674,1267.261,0.5894416,0.8541365,GALAXY,STARFORMING BROADLINE
185.2964,3524.158,1503.791,5445.538,0.1232195,0.6471643,GALAXY,STARBURST
92.90167,488.6393,112.7672,482.8284,0.823836,1.012035,GALAXY,AGN BROADLINE
149.3976,532.6129,293.0728,1173.12,0.5097627,0.4540138,GALAXY,STARFORMING
228.4237,279.0559,160.6909,368.5282,1.42151,0.7572171,GALAXY,AGN BROADLINE
237.8362,1030.707,378.2467,1424.602,0.628786,0.7235055,GALAXY,STARFORMING
8295.316,2644.452,3371.086,17429.35,2.460726,0.1517241,GALAXY,STARBURST
3576.736,6027.313,3131.999,14658.14,1.141998,0.4111922,GALAXY,STARBURST
204.4987,774.0873,220.8447,613.8288,0.9259844,1.26108,GALAXY,AGN BROADLINE
51.52697,130.1001,29.01519,110.031,1.775862,1.182395,GALAXY,BROADLINE
58.78199,99.56056,49.96962,156.3383,1.176355,0.6368278,GALAXY,BROADLINE
856.356,1485.802,662.8353,3118.851,1.291959,0.4763941,GALAXY,STARBURST
1749.655,480.6317,732.845,2481.678,2.387482,0.193672,GALAXY,STARBURST
39.28075,287.2296,94.12143,650.0021,0.4173412,0.4418904,GALAXY,STARFORMING
1133.017,391.5725,754.8333,2355.37,1.501017,0.1662467,GALAXY,STARBURST
39.83118,59.37041,16.2377,61.2093,2.453006,0.9699574,GALAXY,BROADLINE
42.747,142.3213,36.46496,129.8605,1.172276,1.095955,GALAXY,BROADLINE
121.4247,1329.873,468.6282,2751.297,0.2591066,0.4833622,GALAXY,STARFORMING
2068.018,2443.335,1459.279,5943.818,1.41715,0.4110716,GALAXY,STARBURST
235.1591,294.4908,157.5915,342.1269,1.492207,0.8607648,GALAXY,AGN BROADLINE
582.5078,2650.44,1376.924,5056.438,0.4230502,0.5241714,GALAXY,STARBURST
107.5646,1216.78,702.7158,3212.755,0.1530699,0.3787342,GALAXY,STARFORMING
417.623,2409.254,426.3409,3026.863,0.9795517,0.7959574,GALAXY,STARFORMING
180.5671,248.0086,115.1399,393.9262,1.568241,0.6295814,GALAXY,
520.5664,2740.887,840.7063,4881.967,0.6192012,0.5614308,GALAXY,STARFORMING
163.1563,622.0557,212.0451,859.5497,0.7694417,0.7236995,GALAXY,STARFORMING BROADLINE
167.6216,620.9647,190.9049,500.0597,0.878037,1.241781,GALAXY,AGN BROADLINE
102.8968,321.0902,136.8257,298.2502,0.7520283,1.07658,GALAXY,AGN BROADLINE
322.488,1659.211,357.5612,1833.768,0.9019098,0.9048098,GALAXY,STARFORMING
48.4282,109.3471,29.39003,105.8112,1.647777,1.033417,GALAXY,BROADLINE
439.2678,556.5782,539.1512,1928.083,0.8147395,0.2886693,GALAXY,STARBURST
89.17094,243.5643,61.81054,182.5033,1.442649,1.334575,GALAXY,BROADLINE
241.8594,203.454,242.2523,790.5424,0.9983782,0.25736,GALAXY,STARFORMING
228.3233,332.0574,130.4644,352.1212,1.750081,0.9430202,GALAXY,BROADLINE
561.1763,620.0989,176.9318,704.627,3.171709,0.8800386,GALAXY,AGN
7271.119,338.3695,1768.915,4717.712,4.110496,0.07172322,GALAXY,STARBURST
69.69997,104.7248,45.12333,111.7822,1.544655,0.9368646,GALAXY,BROADLINE
67.83932,180.1397,31.06418,87.20211,2.183844,2.065772,GALAXY,BROADLINE
151.7438,1704.94,713.1404,3564.81,0.2127825,0.4782694,GALAXY,STARFORMING
690.1848,451.8427,213.9388,591.527,3.226086,0.7638581,GALAXY,
492.7523,1171.253,324.2289,1213.585,1.519766,0.9651187,GALAXY,AGN
208.4687,346.3397,68.49149,278.3849,3.043717,1.244104,GALAXY,
1194.544,1132.153,703.7169,2329.86,1.697478,0.4859318,GALAXY,STARFORMING
66.95015,361.9231,93.7262,646.7882,0.7143162,0.5595697,GALAXY,AGN BROADLINE
463.7224,434.6016,359.2458,1212.021,1.290822,0.358576,GALAXY,STARFORMING
97.22199,1830.766,704.9414,3684.828,0.137915,0.496839,GALAXY,STARBURST
184.2695,146.4065,47.16758,116.3211,3.906698,1.258642,GALAXY,
60.79649,431.5605,294.4742,1228.359,0.2064578,0.3513309,GALAXY,STARFORMING
3080.588,3111.568,3205.989,13448.1,0.9608855,0.2313761,GALAXY,STARBURST
95.73929,1139.376,464.6168,2202.99,0.2060608,0.5171953,GALAXY,STARFORMING
92.89081,1321.042,699.2009,3163.79,0.1328528,0.4175507,GALAXY,STARBURST
73.53647,128.2608,73.58406,160.9377,0.9993532,0.7969597,GALAXY,
114.9052,595.5143,57.69132,302.0363,1.991725,1.971665,GALAXY,AGN BROADLINE
355.7972,871.1136,272.3611,978.3191,1.306344,0.8904186,GALAXY,AGN BROADLINE
195.5715,408.2613,114.9784,391.0006,1.700942,1.044145,GALAXY,AGN BROADLINE
46.15541,184.7592,89.9816,306.5034,0.5129428,0.6027967,GALAXY,STARFORMING
48.91881,155.9269,109.4191,343.5617,0.4470775,0.4538543,GALAXY,STARFORMING
50.12107,132.9302,39.82523,113.4494,1.258526,1.171713,GALAXY,
132.0547,254.7631,63.95876,169.2926,2.064685,1.504869,GALAXY,BROADLINE
1389.691,6081.352,3902.108,16548.14,0.3561385,0.3674945,GALAXY,STARBURST
101.2632,104.1592,91.96197,214.1108,1.101142,0.4864731,GALAXY,
124.3489,300.8698,85.57474,255.7248,1.453103,1.176538,GALAXY,BROADLINE
295.3614,607.0221,258.3612,1040.686,1.143211,0.5832905,GALAXY,STARFORMING
732.6837,2228.227,868.057,4306.438,0.8440502,0.5174176,GALAXY,STARFORMING
46.46917,99.09053,43.52632,95.40961,1.067611,1.03858,GALAXY,BROADLINE
84.98193,499.4438,105.3115,648.1239,0.806958,0.7705992,GALAXY,STARFORMING
430.9927,238.2887,36.50747,152.5057,11.8056,1.56249,GALAXY,BROADLINE
599.4363,1620.505,607.5152,2917.169,0.9867017,0.5555061,GALAXY,STARBURST
4134.91,5345.062,4891.938,16079.74,0.8452498,0.3324098,GALAXY,STARBURST
285.2198,2125.447,1184.96,4815.82,0.2407,0.4413468,GALAXY,STARFORMING
59.50345,215.949,39.30141,130.3235,1.514028,1.657022,GALAXY,BROADLINE
135.2912,336.6105,57.726,237.143,2.343679,1.419441,GALAXY,BROADLINE
185.8391,354.0273,87.85116,301.3992,2.115386,1.174613,GALAXY,BROADLINE
95.53978,310.6591,182.9406,701.7808,0.5222447,0.4426725,GALAXY,STARFORMING BROADLINE
186.219,308.3112,145.7126,571.0969,1.277988,0.539858,GALAXY,STARFORMING BROADLINE
298.3256,664.0901,152.5538,581.9186,1.955543,1.141208,GALAXY,AGN
104.0478,258.0076,94.25947,184.8659,1.103845,1.395647,GALAXY,BROADLINE
81.99693,807.6415,309.3317,1598.466,0.2650777,0.5052603,GALAXY,STARFORMING
73.78905,72.17674,30.58701,78.75291,2.412431,0.9164962,GALAXY,BROADLINE
455.0986,732.5,569.1046,2388.482,0.7996747,0.3066801,GALAXY,STARFORMING
154.2365,245.4339,44.782,173.0696,3.444162,1.418123,GALAXY,BROADLINE
43.25731,158.0336,26.38503,90.65086,1.639464,1.743322,GALAXY,BROADLINE
140.6149,146.2638,67.60653,162.4741,2.079902,0.9002283,GALAXY,BROADLINE
1030.499,1028.453,158.5034,797.8468,6.501431,1.289035,GALAXY,AGN BROADLINE
224.547,1973.625,862.7401,4470.482,0.2602718,0.4414793,GALAXY,STARFORMING
1086.957,3010.845,1582.364,5999.017,0.6869197,0.5018898,GALAXY,STARBURST
1026.814,987.6561,949.103,3515.597,1.081878,0.2809355,GALAXY,STARFORMING
63.11298,114.6861,31.16889,95.95247,2.024871,1.195238,GALAXY,BROADLINE
53.69291,64.59053,17.4569,65.22912,3.075741,0.9902101,GALAXY,BROADLINE
43.77901,215.7392,25.15762,180.2654,1.740189,1.196786,GALAXY,BROADLINE
570.897,2030.835,500.8777,2560.91,1.139793,0.7930132,GALAXY,STARFORMING
93.07463,368.8078,116.516,517.9783,0.7988139,0.712014,GALAXY,BROADLINE
4072.924,2478.793,389.5215,2085.451,10.45622,1.188612,GALAXY,AGN
577.459,1377.294,657.1082,2320.722,0.8787884,0.5934765,GALAXY,STARFORMING
209.1584,214.5067,141.8693,357.765,1.474304,0.5995742,GALAXY,
93.63377,1201.184,222.4413,1794.495,0.4209369,0.6693713,GALAXY,
85.45663,128.0909,47.90237,112.2611,1.783975,1.141009,GALAXY,BROADLINE
456.4222,1259.511,857.3526,3249.227,0.5323623,0.3876341,GALAXY,STARFORMING
287.9846,3233.772,1364.025,7176.116,0.2111285,0.4506299,GALAXY,STARBURST
63.45787,454.5852,275.0466,1248.714,0.2307168,0.3640425,GALAXY,STARFORMING
301.3725,306.4826,200.1344,680.5145,1.505851,0.450369,GALAXY,AGN BROADLINE
704.2949,1926.079,968.8214,4344.326,0.7269605,0.4433552,GALAXY,STARFORMING
182.3117,564.3146,166.2574,594.1346,1.096563,0.9498093,GALAXY,BROADLINE
31.9018,173.7966,103.7708,488.7152,0.3074257,0.3556193,GALAXY,BROADLINE
57.58485,423.887,175.0838,1039.214,0.3288989,0.4078921,GALAXY,STARFORMING
1149.665,2133.057,710.8599,2975.852,1.617287,0.7167886,GALAXY,STARFORMING
99.03506,210.8851,57.94275,204.099,1.709188,1.033249,GALAXY,BROADLINE
19.41157,48.09674,22.62053,62.63954,0.8581396,0.7678335,GALAXY,
71.68056,153.5428,22.47028,116.4147,3.190016,1.318929,GALAXY,BROADLINE
141.8971,136.6915,46.43078,137.7231,3.0561,0.99251,GALAXY,AGN
70.76586,155.3085,40.38296,140.0416,1.752369,1.109017,GALAXY,BROADLINE
2402.944,3451.395,3685.008,13171.2,0.6520865,0.262041,GALAXY,STARBURST
34.37462,134.4464,30.09818,116.7162,1.142083,1.151908,GALAXY,BROADLINE
45.40165,362.7391,201.4609,835.7939,0.2253621,0.4340055,GALAXY,STARFORMING
29.55753,59.01689,33.09515,77.73664,0.8931076,0.7591901,GALAXY,
57.48952,304.1326,157.6204,703.2859,0.3647341,0.4324451,GALAXY,STARFORMING
244.873,2074.352,507.8084,3314.868,0.4822153,0.6257721,GALAXY,STARFORMING
345.8728,853.2526,216.1277,803.5585,1.600317,1.061843,GALAXY,AGN
45.80608,83.46696,24.40679,95.68777,1.876776,0.8722845,GALAXY,BROADLINE
108.3453,242.2146,63.04348,168.1538,1.71858,1.440435,GALAXY,
44.03122,412.7115,212.1412,1010.639,0.2075562,0.4083667,GALAXY,STARFORMING
13.83089,40.25853,12.34777,26.74763,1.120112,1.505125,GALAXY,
937.1672,326.4864,599.9487,1766.253,1.562079,0.1848469,GALAXY,STARBURST
213.4467,173.3242,245.9491,728.4457,0.8678491,0.237937,GALAXY,STARFORMING
221.8488,1898.237,1058.584,5413.769,0.2095712,0.3506313,GALAXY,STARBURST
99.86073,329.3289,278.9562,956.2443,0.3579799,0.3443983,GALAXY,STARFORMING
150.873,411.0791,222.1254,992.0758,0.6792247,0.4143626,GALAXY,STARFORMING
172.4489,1495.045,917.3574,3543.482,0.1879844,0.4219139,GALAXY,STARBURST
66.44958,755.6008,318.4162,1335.11,0.2086878,0.5659464,GALAXY,STARFORMING
1623.991,859.6522,184.8906,777.0163,8.783524,1.10635,GALAXY,AGN
100.7862,818.918,371.5432,1753.893,0.2712637,0.4669144,GALAXY,STARFORMING
78.43416,497.0024,115.0233,612.879,0.6818982,0.8109307,GALAXY,STARFORMING
68.33032,388.0303,145.7529,575.3583,0.4688093,0.6744151,GALAXY,STARFORMING BROADLINE
2370.675,1176.798,439.3545,1524.996,5.395814,0.771673,GALAXY,AGN
82.27954,957.5192,505.3761,2517.918,0.1628085,0.3802821,GALAXY,STARFORMING
43.62145,121.3354,25.34258,87.25851,1.721271,1.390528,GALAXY,
1796.376,2371.508,736.6923,3303.951,2.438435,0.7177794,GALAXY,AGN
33.14077,99.2342,30.62161,70.38925,1.082267,1.409792,GALAXY,BROADLINE
25.7137,59.13488,14.50603,45.11355,1.772621,1.310801,GALAXY,
1123.271,818.2813,162.1948,574.8623,6.925443,1.423439,GALAXY,AGN
19.07298,72.97021,20.03215,54.16376,0.9521188,1.347215,GALAXY,BROADLINE
199.4774,639.6384,434.6039,1687.322,0.4589868,0.3790851,GALAXY,STARBURST
1086.751,175.5866,476.3092,1410.309,2.281609,0.1245023,GALAXY,STARFORMING
30.93767,64.37,21.10448,53.98677,1.465929,1.192329,GALAXY,BROADLINE
40.31791,115.3744,30.52315,129.983,1.320896,0.8876114,GALAXY,
5639.006,237.3731,1402.151,4075.111,4.021682,0.05824948,GALAXY,STARBURST
3420.081,3484.113,819.0651,3599.817,4.175591,0.9678584,GALAXY,AGN
85.21669,246.5784,53.95181,175.9189,1.579496,1.401659,GALAXY,AGN
118.9922,444.3672,66.30856,313.6648,1.794522,1.416695,GALAXY,AGN BROADLINE
172.1281,1067.817,557.9153,2275.672,0.3085201,0.4692313,GALAXY,STARFORMING
3190.005,3140.456,361.6836,1626.058,8.819876,1.931331,GALAXY,AGN
56.21196,84.84783,31.91691,78.98113,1.761197,1.07428,GALAXY,BROADLINE
126.1024,208.9472,61.65615,262.5349,2.045252,0.7958833,GALAXY,AGN
176.0314,307.4327,126.1171,380.8809,1.395777,0.8071625,GALAXY,BROADLINE
103.1774,209.0202,64.18906,147.4253,1.607399,1.417804,GALAXY,BROADLINE
309.1106,414.9007,137.2274,503.8937,2.252543,0.8233893,GALAXY,AGN BROADLINE
96.38772,694.0907,383.0048,1387.184,0.2516619,0.5003595,GALAXY,STARFORMING
110.3093,493.024,111.0155,519.777,0.9936383,0.9485298,GALAXY,BROADLINE
137.0189,1183.314,672.5318,3259.652,0.2037359,0.3630184,GALAXY,STARFORMING
259.5525,2067.57,1035.821,4047.246,0.2505766,0.5108586,GALAXY,STARFORMING
797.8801,1051.947,89.22804,556.9174,8.942033,1.888874,GALAXY,
210.1498,1449.795,663.3504,2765.524,0.3168005,0.5242386,GALAXY,STARBURST
105.352,180.0612,39.83431,134.2088,2.644754,1.34165,GALAXY,BROADLINE
1468.227,2299.643,461.1592,1944.377,3.183774,1.182715,GALAXY,AGN
258.7959,690.7801,151.3136,532.2633,1.710328,1.297817,GALAXY,AGN BROADLINE
290.1295,2150.149,249.4755,1018.766,1.162958,2.110542,GALAXY,BROADLINE
603.2176,1714.037,1152.151,4758.372,0.5235578,0.3602149,GALAXY,STARBURST
173.1686,1085.802,519.1756,2519.285,0.3335453,0.4309959,GALAXY,STARFORMING
366.3863,2818.417,1414.765,5959.053,0.2589732,0.4729639,GALAXY,STARFORMING
174.6303,321.2444,61.42393,235.739,2.843033,1.362712,GALAXY,BROADLINE
169.5083,178.2786,61.83147,206.6187,2.741456,0.8628383,GALAXY,BROADLINE
184.2285,3250.851,710.0223,4243.52,0.2594686,0.7660741,GALAXY,STARFORMING
163.7771,495.9596,73.39268,282.2922,2.231518,1.756902,GALAXY,BROADLINE
108.7433,395.7936,121.2102,663.1885,0.8971458,0.5968041,GALAXY,BROADLINE
338.9511,703.2765,364.1421,1365.608,0.930821,0.5149916,GALAXY,STARFORMING
731.9827,395.2498,526.8243,1779.992,1.389425,0.2220515,GALAXY,STARFORMING
138.2802,78.28135,50.6273,164.1876,2.731336,0.4767799,GALAXY,AGN BROADLINE
93.51083,67.37181,74.23348,148.1751,1.259685,0.4546769,GALAXY,
56.41619,178.8297,37.83551,117.2535,1.491091,1.525154,GALAXY,BROADLINE
299.7671,1274.404,212.8167,898.6118,1.40857,1.418192,GALAXY,AGN BROADLINE
110.7001,668.6763,209.3927,756.8812,0.5286724,0.8834627,GALAXY,STARFORMING BROADLINE
71.71195,216.733,67.71734,214.9987,1.05899,1.008067,GALAXY,BROADLINE
7239.438,2597.058,1495.548,5800.638,4.840661,0.4477193,GALAXY,AGN
1522.805,825.7416,1020.533,4107.485,1.492166,0.2010334,GALAXY,STARBURST
503.1044,874.8703,322.9061,744.0453,1.558051,1.175829,GALAXY,AGN BROADLINE
174.1039,204.1462,105.3464,197.7394,1.652679,1.0324,GALAXY,BROADLINE
269.316,522.283,203.2472,754.3617,1.325066,0.6923509,GALAXY,BROADLINE
268.9709,1537.084,271.4026,1268.191,0.9910401,1.212028,GALAXY,AGN
459.0843,1049.085,232.1178,659.0656,1.977808,1.591776,GALAXY,BROADLINE
4670.918,1960.849,1681.263,5943.062,2.778221,0.3299392,GALAXY,STARBURST
424.2086,2703.162,859.5808,3358.509,0.4935063,0.8048699,GALAXY,STARFORMING
422.3838,167.7037,72.25724,166.2164,5.845557,1.008948,GALAXY,BROADLINE
118.0305,242.9499,79.87676,212.322,1.477658,1.144252,GALAXY,BROADLINE
2543.769,3413.544,2892.479,10535.55,0.8794426,0.3240025,GALAXY,STARBURST
142.616,329.9475,56.17383,240.4028,2.538834,1.372478,GALAXY,BROADLINE
460.6145,7286.8,1765.048,13217.05,0.2609643,0.5513182,GALAXY,STARBURST
6923.906,5358.045,2027.236,9007.248,3.415442,0.5948593,GALAXY,AGN
585.2499,278.4561,96.83932,287.0373,6.043515,0.970104,GALAXY,BROADLINE
173.5757,136.0948,99.20873,136.9855,1.749601,0.9934972,GALAXY,
11558.62,880.2357,3412.249,10021.19,3.38739,0.08783742,GALAXY,STARBURST
360.2298,1350.743,1132.099,4102.184,0.3181963,0.329274,GALAXY,STARBURST
217.0428,2560.177,1590.361,6869.823,0.1364739,0.37267,GALAXY,STARBURST
78.20817,222.1381,57.08677,146.7261,1.369988,1.513964,GALAXY,BROADLINE
217.096,239.7997,175.6439,459.7046,1.236001,0.5216388,GALAXY,
106.9262,318.041,38.71738,207.8772,2.761711,1.529946,GALAXY,BROADLINE
70.05108,202.9392,33.80684,159.3696,2.072098,1.273387,GALAXY,
56.02723,383.2055,142.3694,586.373,0.3935342,0.6535183,GALAXY,STARFORMING
13021.97,1680.922,4448.987,14187.44,2.92695,0.1184796,GALAXY,STARBURST
3722.328,1671.147,2066.184,7557.503,1.801547,0.2211242,GALAXY,STARBURST
179.2619,691.1412,105.9366,422.9784,1.692162,1.633987,GALAXY,AGN
104.7734,246.3037,56.22433,210.4958,1.863489,1.170112,GALAXY,BROADLINE
158.6263,2790.235,1240.925,5799.539,0.127829,0.4811132,GALAXY,STARBURST
557.58,743.6385,72.47333,487.1251,7.693589,1.526586,GALAXY,BROADLINE
2749.29,7289.781,3270.262,16598.63,0.840694,0.4391796,GALAXY,STARBURST
8873.91,2927.182,741.5242,3111.597,11.96712,0.9407331,GALAXY,AGN
2941.483,5340.278,3459.043,14019.45,0.8503748,0.3809193,GALAXY,STARBURST
1743.406,1554.088,1661.83,5878.867,1.049088,0.2643515,GALAXY,STARBURST
250.9652,257.9494,94.06337,329.6029,2.668044,0.7826065,GALAXY,AGN BROADLINE
798.7475,4637.587,639.9042,5375.523,1.24823,0.8627229,GALAXY,STARBURST
307.3954,631.0926,305.0118,1131.868,1.007815,0.5575674,GALAXY,STARFORMING
77.6571,296.3216,60.9954,293.4192,1.273163,1.009892,GALAXY,BROADLINE
68.73001,374.9038,230.4039,914.2114,0.2983023,0.4100844,GALAXY,STARFORMING
125.9368,1016.268,417.0034,1768.039,0.3020041,0.5747992,GALAXY,STARFORMING
2183.46,3456.265,732.654,3909.164,2.980206,0.8841445,GALAXY,AGN
104.7954,1788.393,709.2227,3745.274,0.147761,0.4775065,GALAXY,STARBURST
175.2885,1725.61,654.1502,3021.58,0.2679637,0.5710953,GALAXY,STARFORMING
139.7457,1009.93,592.6645,2560.302,0.2357923,0.3944573,GALAXY,STARFORMING
156.7305,1403.095,369.9953,2021.783,0.4236013,0.693989,GALAXY,STARFORMING
518.0255,1283.605,208.1822,802.7048,2.488328,1.599099,GALAXY,AGN
420.3771,1892.011,237.7278,808.337,1.768313,2.340622,GALAXY,AGN BROADLINE
115.0336,322.2542,214.2984,781.4837,0.5367916,0.412362,GALAXY,STARFORMING
50.25264,656.5298,353.5037,1609.377,0.1421559,0.4079404,GALAXY,STARFORMING
364.2648,791.9855,270.5744,1038.366,1.346265,0.7627231,GALAXY,STARFORMING BROADLINE
197.1484,1498.476,606.4586,2657.308,0.3250814,0.5639076,GALAXY,STARFORMING
166.6609,2642.285,857.9213,5290.103,0.1942613,0.4994771,GALAXY,STARFORMING
824.7408,3118.909,1229.181,5408.188,0.6709676,0.5767012,GALAXY,STARBURST
869.8339,1309.402,293.9069,1650.313,2.959556,0.7934263,GALAXY,AGN
8187.16,4272.667,1325.873,5324.914,6.174918,0.8023917,GALAXY,AGN
59.03924,354.0648,149.9664,648.8548,0.393683,0.5456765,GALAXY,STARFORMING
188.1372,275.0341,89.29368,297.9095,2.106949,0.9232138,GALAXY,
52.93981,117.3895,36.53101,109.7757,1.449175,1.069358,GALAXY,BROADLINE
143.0314,214.0062,41.55226,116.3248,3.442204,1.83973,GALAXY,
1053.201,2803.249,1788.409,6229.974,0.5889036,0.4499615,GALAXY,STARBURST
994.2809,1529.395,429.6107,1823.711,2.314377,0.838617,GALAXY,AGN
188.8738,1396.806,714.2568,2941.749,0.264434,0.4748217,GALAXY,STARFORMING
49.7016,355.0991,124.7513,648.4594,0.3984054,0.5476043,GALAXY,BROADLINE
83.06089,74.62664,44.1208,97.21618,1.882579,0.767636,GALAXY,
157.6654,1120.959,326.0396,1755.793,0.4835774,0.6384348,GALAXY,STARFORMING
701.6871,2822.474,972.806,5269.707,0.7213022,0.5356036,GALAXY,STARBURST
88.74886,217.4963,52.34406,169.2189,1.695491,1.285296,GALAXY,BROADLINE
642.9219,7064.974,2184.1,13121.21,0.2943648,0.5384391,GALAXY,STARBURST
1719.03,2433.037,942.7699,4338.363,1.823382,0.5608191,GALAXY,STARFORMING
89.37925,189.666,46.08417,175.3036,1.939478,1.081929,GALAXY,BROADLINE
38.35308,146.5686,60.05848,231.2171,0.6385955,0.6339002,GALAXY,AGN BROADLINE
194.7305,1679.706,850.7734,4459.566,0.2288864,0.3766523,GALAXY,STARFORMING
71.1114,157.8564,48.75182,174.4296,1.458641,0.9049866,GALAXY,BROADLINE
105.7228,433.0215,108.8966,289.6988,0.9708541,1.49473,GALAXY,BROADLINE
152.9499,667.9835,131.5009,559.1927,1.163109,1.19455,GALAXY,AGN BROADLINE
118.6641,126.4157,74.73403,144.7721,1.587819,0.8732048,GALAXY,
568.8781,389.582,150.6886,468.9442,3.77519,0.8307641,GALAXY,AGN
1497.241,927.0194,930.8931,3395.386,1.608392,0.2730232,GALAXY,STARFORMING
1908.705,577.8633,1122.382,3673.269,1.700584,0.1573158,GALAXY,STARBURST
45.7244,106.1722,50.10802,144.1417,0.9125164,0.736582,GALAXY,
39.61546,86.50161,23.39247,51.15091,1.693514,1.691106,GALAXY,BROADLINE
66.67204,194.1384,48.74186,161.1745,1.36786,1.204523,GALAXY,AGN
101.1132,444.3834,178.3177,750.1812,0.5670398,0.5923681,GALAXY,STARFORMING
58.81107,122.8866,37.61586,105.2566,1.563465,1.167496,GALAXY,
216.2393,833.6276,149.4475,667.6162,1.446925,1.248663,GALAXY,BROADLINE
1246.71,1624.921,1490.277,5743.216,0.8365625,0.2829287,GALAXY,STARBURST
218.5079,474.349,172.7627,682.0735,1.264786,0.6954514,GALAXY,STARFORMING
113.4102,88.26109,52.53115,155.292,2.158914,0.5683556,GALAXY,BROADLINE
120.3626,216.8107,79.75938,234.7828,1.509072,0.9234521,GALAXY,BROADLINE
113.2301,227.9519,78.85376,300.3574,1.435951,0.7589357,GALAXY,AGN
100.3237,171.0179,83.13992,145.9146,1.206685,1.172041,GALAXY,
1089.727,1316.82,1269.294,5012.029,0.8585299,0.262732,GALAXY,STARBURST
105.9138,187.1431,58.4962,170.5047,1.810611,1.097583,GALAXY,BROADLINE
116.7016,1887.212,933.417,5167.769,0.1250263,0.3651889,GALAXY,STARBURST
259.3118,2701.798,1030.79,5628.224,0.2515661,0.4800445,GALAXY,STARBURST
156.3724,408.8345,94.25719,331.2788,1.658997,1.23411,GALAXY,BROADLINE
39.44296,337.0493,238.4283,1073.726,0.165429,0.3139062,GALAXY,STARFORMING
78.50513,203.9565,39.41467,138.4894,1.991774,1.472723,GALAXY,BROADLINE
2297.143,1050.356,347.0775,1482.961,6.618532,0.7082832,GALAXY,AGN
216.3923,295.6513,110.538,419.3155,1.957628,0.7050808,GALAXY,AGN BROADLINE
291.9623,854.5138,163.2982,690.3578,1.787909,1.237784,GALAXY,AGN BROADLINE
293.0093,1782.938,846.2684,4716.096,0.3462369,0.3780538,GALAXY,STARBURST
133.3197,198.1082,49.38228,140.5117,2.699748,1.409906,GALAXY,BROADLINE
135.2268,268.2448,47.25696,184.0137,2.861521,1.457744,GALAXY,BROADLINE
89.86642,221.0699,44.90473,168.3498,2.001268,1.313158,GALAXY,BROADLINE
40.51833,98.23698,23.6398,131.3323,1.713988,0.7480034,GALAXY,BROADLINE
56.60282,110.4662,40.25194,91.30737,1.406214,1.209828,GALAXY,
105.8863,428.9391,106.1967,329.5918,0.9970766,1.301425,GALAXY,BROADLINE
1555.704,1616.687,1524.189,5754.761,1.020676,0.2809303,GALAXY,STARBURST
92.9495,327.9452,59.19977,211.2329,1.570099,1.552529,GALAXY,BROADLINE
244.1948,445.3258,81.53497,261.6507,2.994971,1.701986,GALAXY,BROADLINE
122.8987,234.0226,59.33336,175.5148,2.071326,1.333349,GALAXY,BROADLINE
64.77869,139.0237,26.78898,113.0859,2.41811,1.229363,GALAXY,BROADLINE
47.74178,63.20735,30.08989,72.51556,1.586638,0.8716384,GALAXY,BROADLINE
3133.1,429.6342,1413.284,4369.396,2.216893,0.09832805,GALAXY,STARBURST
1515.987,552.7787,435.0816,1567.432,3.484373,0.3526653,GALAXY,STARFORMING
139.4703,269.8815,67.63275,209.7748,2.062171,1.28653,GALAXY,BROADLINE
3540.069,487.6565,1359.237,4496.629,2.604454,0.1084493,GALAXY,STARBURST
124.4137,197.6155,81.13014,206.4749,1.533507,0.9570922,GALAXY,BROADLINE
212.0179,2802.572,914.5603,3774.398,0.2318249,0.7425216,GALAXY,STARFORMING
184.1254,313.8684,77.00825,250.1758,2.390982,1.254591,GALAXY,BROADLINE
3338.761,1789.353,2546.273,8981.012,1.311234,0.1992374,GALAXY,STARBURST
285.5993,3091.287,512.2378,3669.238,0.5575522,0.8424875,GALAXY,STARFORMING
571.0457,4444.165,1213.017,5363.947,0.470765,0.8285251,GALAXY,STARFORMING
186.5761,1792.783,953.8058,3996.425,0.1956122,0.4485967,GALAXY,STARBURST
77.06445,129.2893,88.41161,205.0261,0.8716554,0.6305993,GALAXY,
175.4095,311.7734,91.42294,288.9024,1.918659,1.079165,GALAXY,BROADLINE
3006.97,1348.687,2050.18,5334.317,1.466686,0.2528322,GALAXY,STARFORMING
316.4471,328.1498,105.3172,321.0331,3.004705,1.022168,GALAXY,AGN BROADLINE
6137.02,3161.543,624.3373,2315.617,9.829654,1.365313,GALAXY,AGN
334.4578,561.2432,176.8472,523.3359,1.891224,1.072434,GALAXY,AGN BROADLINE
223.8257,1663.784,726.2488,3684.814,0.3081942,0.4515246,GALAXY,STARFORMING
294.8192,643.7435,130.5457,413.4928,2.258359,1.556843,GALAXY,BROADLINE
764.3829,714.8591,434.6566,1572.383,1.75859,0.4546341,GALAXY,STARFORMING BROADLINE
1108.043,2157.588,934.2762,3902.069,1.18599,0.5529345,GALAXY,STARFORMING
532.5941,2890.179,2331.819,8420.575,0.2284028,0.3432282,GALAXY,STARFORMING
331.7876,1454.479,685.0901,2903.828,0.4842977,0.5008831,GALAXY,STARBURST
265.6523,738.2569,108.1798,449.7852,2.455655,1.641355,GALAXY,BROADLINE
437.3204,2648.526,1002.564,4913.259,0.4362019,0.5390568,GALAXY,STARFORMING
157.5523,454.2625,103.9542,386.7274,1.515593,1.174632,GALAXY,BROADLINE
2876.047,3954.461,2037.056,9504.388,1.411865,0.4160669,GALAXY,STARBURST
231.1316,786.7202,102.2334,486.9748,2.260823,1.615525,GALAXY,BROADLINE
97.46906,404.711,99.55724,344.5352,0.9790254,1.174658,GALAXY,BROADLINE
92.37119,227.0901,55.98993,170.2104,1.649782,1.334173,GALAXY,BROADLINE
169.8599,602.337,179.9334,709.0253,0.9440152,0.8495281,GALAXY,AGN BROADLINE
73.96794,229.0562,45.83487,179.2886,1.613792,1.277584,GALAXY,BROADLINE
2445.955,977.621,1525.941,5174.51,1.602916,0.1889301,GALAXY,STARBURST
174.6235,350.9389,106.744,311.126,1.635909,1.127964,GALAXY,AGN
192.1974,479.9214,86.73584,286.011,2.215894,1.677982,GALAXY,AGN BROADLINE
53.54943,360.8974,169.6114,770.9416,0.3157183,0.4681255,GALAXY,STARFORMING
56.87514,131.142,28.75209,84.01601,1.978122,1.560916,GALAXY,BROADLINE
314.1724,595.6086,170.7805,741.147,1.839627,0.8036308,GALAXY,AGN
256.3197,2468.124,895.5764,4692.319,0.2862064,0.5259923,GALAXY,STARFORMING
2095.57,1416.562,369.7966,1413.031,5.666817,1.002499,GALAXY,AGN
472.7678,1033.228,668.8507,2406.694,0.706836,0.4293142,GALAXY,STARFORMING
151.4102,250.981,78.75883,235.927,1.922454,1.063808,GALAXY,BROADLINE
3969.851,4030.301,5687.946,20359.51,0.6979411,0.1979567,GALAXY,STARBURST
780.1848,17620.34,2252.112,33024.26,0.3464237,0.5335575,GALAXY,STARBURST
94.45359,219.9313,78.86882,175.5919,1.197604,1.252514,GALAXY,BROADLINE
176.9746,623.8286,186.7225,539.1073,0.9477944,1.157151,GALAXY,BROADLINE
142.73,343.6143,117.1479,486.3678,1.218374,0.7064906,GALAXY,AGN
221.0712,845.0268,612.0125,2261.605,0.36122,0.3736402,GALAXY,STARFORMING
375.864,593.111,575.6002,2068.504,0.652995,0.2867343,GALAXY,STARBURST
220.357,739.242,441.7253,1973.538,0.4988554,0.374577,GALAXY,STARFORMING
129.744,283.5407,98.65329,229.9612,1.315151,1.232994,GALAXY,BROADLINE
14971.08,575.1768,3191.568,10434.5,4.690823,0.05512263,GALAXY,STARBURST
398.7131,1185.772,237.3577,822.1804,1.679799,1.442229,GALAXY,AGN BROADLINE
103.2341,841.0414,374.0042,1796.589,0.276024,0.4681324,GALAXY,STARFORMING
115.8487,1500.314,707.408,3346.129,0.1637651,0.4483731,GALAXY,STARFORMING
150.9112,287.5901,92.8986,232.3506,1.624472,1.237742,GALAXY,BROADLINE
26469.81,289.1529,4141.521,14215.46,6.391326,0.02034074,GALAXY,STARBURST
199.067,2337.173,393.5485,3194.226,0.5058258,0.7316867,GALAXY,STARFORMING
18090.39,1406.264,6055.725,18303.38,2.987321,0.07683085,GALAXY,STARBURST
195.194,324.6467,161.5564,467.7974,1.208209,0.69399,GALAXY,AGN BROADLINE
868.834,2483.99,2152.774,7710.506,0.403588,0.3221565,GALAXY,STARBURST
106.3101,235.4353,104.8214,242.8895,1.014203,0.9693102,GALAXY,
173.9918,445.0172,102.1133,341.7569,1.703908,1.302145,GALAXY,BROADLINE
48.35786,78.72341,39.17542,68.34614,1.234393,1.151834,GALAXY,
713.5428,1440.984,1246.748,5085.056,0.5723234,0.2833763,GALAXY,STARBURST
2376.487,4753.038,2254.908,7951.86,1.053917,0.5977265,GALAXY,STARBURST BROADLINE
808.1348,1189.114,386.4137,1573.917,2.091372,0.7555129,GALAXY,AGN
51.39978,34.61781,24.25741,75.80625,2.118931,0.4566616,GALAXY,BROADLINE
844.5275,3200.918,788.1033,3538.996,1.071595,0.9044706,GALAXY,STARFORMING
651.6702,2561.213,1229.198,5252.368,0.5301587,0.4876301,GALAXY,STARFORMING
4263.219,3082.215,410.1265,1955.421,10.39489,1.576241,GALAXY,AGN
105.3877,69.6456,56.18203,124.3558,1.875826,0.5600513,GALAXY,
4433.455,1745.936,569.2051,2661.47,7.788854,0.6560043,GALAXY,AGN
2892.2,2390.671,2002.187,8577.315,1.444521,0.2787202,GALAXY,STARBURST
191.5258,465.098,120.4524,315.1962,1.590055,1.475583,GALAXY,BROADLINE
157.666,537.3231,232.2401,860.988,0.6788923,0.6240773,GALAXY,STARFORMING BROADLINE
108.2171,548.6845,281.4247,1269.173,0.384533,0.4323164,GALAXY,STARFORMING BROADLINE
182.1907,80.96869,36.86814,108.2877,4.941685,0.7477184,GALAXY,BROADLINE
1217.125,7463.471,5218.981,18414.09,0.2332112,0.405313,GALAXY,STARBURST
117.8674,166.8004,69.882,190.234,1.686663,0.8768166,GALAXY,BROADLINE
136.7156,140.4308,96.11385,237.8793,1.422434,0.5903445,GALAXY,AGN BROADLINE
219.0955,252.9011,126.6017,227.23,1.730588,1.112974,GALAXY,
9336.208,4796.921,1166.072,4811.205,8.006548,0.9970312,GALAXY,AGN
144.2286,319.3564,73.00336,257.7723,1.975643,1.238909,GALAXY,BROADLINE
55.98214,335.0545,221.3966,860.6036,0.2528591,0.389325,GALAXY,STARFORMING
143.6841,318.6437,162.6985,480.6617,0.8831307,0.6629273,GALAXY,
32.74794,184.4022,66.30264,276.1074,0.4939162,0.6678639,GALAXY,STARFORMING
52.36721,251.7317,80.34161,379.9902,0.6518068,0.6624689,GALAXY,STARFORMING
1533.011,395.547,749.3788,2399.174,2.04571,0.164868,GALAXY,STARBURST
239.6462,4015.806,2123.262,11383.15,0.112867,0.3527853,GALAXY,STARBURST
39.0416,212.8029,112.2152,413.1414,0.3479174,0.5150849,GALAXY,STARFORMING BROADLINE
381.0535,345.545,104.3579,338.7103,3.651409,1.020179,GALAXY,BROADLINE
109.7094,351.4519,73.4275,221.9537,1.494119,1.583447,GALAXY,AGN
110.8449,809.4822,310.544,1349.172,0.3569378,0.5999846,GALAXY,STARFORMING
317.4641,3208.31,910.9386,5090.066,0.3485022,0.6303081,GALAXY,STARFORMING
2246.079,2356.225,609.4386,2984.619,3.685488,0.789456,GALAXY,AGN
57.81615,106.1553,29.54529,79.37659,1.956865,1.337363,GALAXY,
52.40072,113.3515,25.63483,83.1479,2.044122,1.363251,GALAXY,BROADLINE
58.12259,23.86265,18.79779,55.33094,3.091991,0.4312713,GALAXY,BROADLINE
146.4403,1010.898,384.416,1600.542,0.3809422,0.6315975,GALAXY,STARFORMING
1056.125,1791.251,547.9821,2757.45,1.927299,0.649604,GALAXY,STARFORMING
147.558,747.5219,104.3558,470.6015,1.413989,1.588439,GALAXY,AGN BROADLINE
161.2522,219.9978,120.6986,234.7891,1.33599,0.9370018,GALAXY,AGN BROADLINE
175.1025,237.5007,61.13279,238.3244,2.864297,0.9965434,GALAXY,BROADLINE
83.87096,195.3548,54.19944,121.868,1.547451,1.603003,GALAXY,BROADLINE
77.81313,258.7378,25.29226,119.505,3.076559,2.165079,GALAXY,BROADLINE
349.6696,310.3551,301.9255,1090.838,1.158132,0.2845106,GALAXY,STARFORMING
80.13409,155.461,43.30599,110.6197,1.850416,1.405364,GALAXY,
59.3093,106.9596,41.38522,105.1346,1.433103,1.017359,GALAXY,
39.23356,81.91714,22.68861,76.60703,1.729218,1.069316,GALAXY,BROADLINE
98.02604,474.3304,91.74318,436.732,1.068483,1.08609,GALAXY,AGN
6372.962,741.5893,2008.347,6812.091,3.173238,0.1088637,GALAXY,STARBURST
18.49281,77.86396,32.07315,143.5693,0.5765823,0.542344,GALAXY,AGN BROADLINE
166.2012,1075.476,382.002,1766.44,0.4350794,0.6088384,GALAXY,STARFORMING
5155.159,1258.65,2888.22,9116.758,1.784891,0.138059,GALAXY,STARBURST
616.2593,230.3844,192.1399,676.93,3.207347,0.3403371,GALAXY,STARFORMING
104.94,131.7778,61.13824,169.8735,1.716438,0.7757403,GALAXY,BROADLINE
125.7614,81.42362,31.65729,58.20346,3.972589,1.398948,GALAXY,BROADLINE
201.1432,737.5605,106.6309,432.9888,1.88635,1.703417,GALAXY,AGN
208.303,427.3832,129.9215,350.3691,1.603299,1.219808,GALAXY,BROADLINE
150.7026,435.4819,207.0633,988.1898,0.7278093,0.4406865,GALAXY,STARFORMING
1100.439,5870.452,2580.729,12836.56,0.4264061,0.4573228,GALAXY,STARBURST
474.108,5544.387,2923.707,11551.39,0.1621599,0.4799757,GALAXY,STARBURST
45.82301,200.7984,67.11811,287.9997,0.682722,0.6972175,GALAXY,BROADLINE
1805.494,1230.225,1681.112,5893.5,1.073987,0.2087426,GALAXY,STARBURST
2802.678,210.3562,921.8132,2819.223,3.040397,0.07461493,GALAXY,STARBURST
434.2856,2127.768,760.5303,3193.848,0.5710299,0.6662083,GALAXY,STARFORMING
325.3937,532.0678,406.2341,1554.187,0.8010004,0.3423448,GALAXY,STARFORMING
116.8366,345.5409,42.33076,169.6236,2.760088,2.037104,GALAXY,BROADLINE
251.0829,595.3766,168.5211,398.3948,1.48992,1.494439,GALAXY,BROADLINE
201.4387,293.2003,103.3108,339.6618,1.949832,0.8632122,GALAXY,BROADLINE
130.6609,310.5696,51.40551,211.9384,2.54177,1.465377,GALAXY,BROADLINE
147.3787,372.6053,91.00201,323.4474,1.619511,1.151981,GALAXY,BROADLINE
726.9294,1866.005,897.8938,3387.993,0.809594,0.5507702,GALAXY,STARFORMING
74.1441,393.6058,170.5236,714.7249,0.4348025,0.5507095,GALAXY,STARFORMING BROADLINE
237.0729,853.8271,105.323,421.8096,2.250913,2.0242,GALAXY,BROADLINE
126.1264,277.2377,84.05665,261.1629,1.500493,1.061551,GALAXY,BROADLINE
8673.417,1269.856,3394.213,12234.37,2.555354,0.1037941,GALAXY,STARBURST
76.60254,122.6909,37.2924,109.4919,2.054106,1.120548,GALAXY,
67.18091,172.5343,34.32082,110.4646,1.957439,1.561897,GALAXY,BROADLINE
97.31697,299.4511,41.84649,183.9465,2.325571,1.627925,GALAXY,BROADLINE
79.49393,524.75,263.3401,1227.583,0.301868,0.4274661,GALAXY,STARFORMING
227.045,382.7119,101.6601,382.3579,2.233374,1.000926,GALAXY,AGN
356.1149,300.0123,35.22143,187.7365,10.11074,1.59805,GALAXY,
106.7201,2429.063,451.0143,3397.34,0.2366225,0.7149897,GALAXY,STARFORMING
67.58727,206.7797,42.9437,155.4984,1.573858,1.329787,GALAXY,BROADLINE
576.6367,1401.705,751.2755,2943.388,0.7675436,0.4762217,GALAXY,STARFORMING
103.2692,366.5516,71.25346,260.2286,1.449322,1.408575,GALAXY,BROADLINE
206.2968,639.049,264.9871,984.5306,0.7785165,0.6490899,GALAXY,STARFORMING BROADLINE
100.8902,108.0469,32.42779,86.78221,3.111226,1.245035,GALAXY,BROADLINE
53.85551,168.1613,64.74944,279.4084,0.8317524,0.6018475,GALAXY,BROADLINE
78.67636,317.6948,180.3296,662.0132,0.4362919,0.4798919,GALAXY,STARFORMING BROADLINE
74.52492,157.1478,101.1698,257.6749,0.7366319,0.6098685,GALAXY,AGN BROADLINE
56.32207,226.6727,77.65857,286.9741,0.7252526,0.7898716,GALAXY,AGN BROADLINE
92.66433,586.5858,203.3089,980.7279,0.4557809,0.5981126,GALAXY,STARFORMING BROADLINE
27.437,92.29153,40.20831,127.7595,0.6823714,0.7223846,GALAXY,
47.56027,126.2191,46.39805,116.3672,1.025049,1.084662,GALAXY,BROADLINE
33.23483,154.8549,67.97672,204.4795,0.4889149,0.7573126,GALAXY,
151.0302,371.6985,108.2837,269.1904,1.394763,1.380801,GALAXY,BROADLINE
253.7464,253.228,43.39046,117.6491,5.847978,2.152401,GALAXY,BROADLINE
1148.948,218.7063,521.15,1884.265,2.204639,0.1160698,GALAXY,STARBURST
3702.728,4816.731,760.3801,4460.755,4.869576,1.079802,GALAXY,AGN BROADLINE
462.0355,386.3233,114.9231,350.5398,4.020389,1.102081,GALAXY,BROADLINE
92.56021,349.4336,88.01129,455.3201,1.051686,0.767446,GALAXY,
97.89893,1110.188,421.9171,2211.219,0.2320336,0.5020707,GALAXY,STARFORMING
1052.956,4845.217,2926.318,12125.8,0.3598228,0.3995793,GALAXY,STARBURST
104.0799,137.9651,103.2847,205.6774,1.007699,0.6707839,GALAXY,BROADLINE
49.40434,162.226,27.46729,82.03693,1.798661,1.977476,GALAXY,BROADLINE
353.1846,2105.32,1557.926,6284.626,0.2267017,0.3349952,GALAXY,STARBURST
260.9346,274.9585,70.66146,229.5519,3.692742,1.197805,GALAXY,BROADLINE
92.40927,133.6284,57.59209,148.6819,1.604548,0.8987535,GALAXY,BROADLINE
1000.866,907.5422,974.8807,3278.345,1.026655,0.2768293,GALAXY,STARFORMING
196.0428,594.1729,110.9562,369.4147,1.766849,1.608417,GALAXY,BROADLINE
52.67744,133.4168,27.05825,85.25519,1.946816,1.564911,GALAXY,BROADLINE
299.8898,457.9409,489.765,1707.561,0.6123137,0.2681843,GALAXY,STARFORMING
132.2305,1385.129,647.1654,3126.749,0.2043225,0.4429933,GALAXY,STARBURST
66.21374,262.6497,45.63389,245.9077,1.450977,1.068082,GALAXY,BROADLINE
175.4861,682.0347,103.3544,321.6004,1.697906,2.120752,GALAXY,BROADLINE
253.2187,109.0534,155.6001,446.0435,1.627369,0.2444905,GALAXY,BROADLINE
343.7132,3451.635,1161.251,6183.866,0.2959853,0.5581678,GALAXY,STARBURST
1141.63,1467.988,363.054,1631.415,3.144517,0.8998253,GALAXY,AGN
110.7594,120.7691,65.37457,127.4131,1.694227,0.9478545,GALAXY,BROADLINE
81.0508,155.2486,51.23298,136.318,1.582005,1.138871,GALAXY,BROADLINE
165.3997,495.6467,85.65576,291.8272,1.930982,1.698425,GALAXY,BROADLINE
38.75773,69.03981,59.89264,112.8104,0.6471201,0.6119986,GALAXY,
294.2163,909.3129,123.3301,506.8439,2.3856,1.794069,GALAXY,AGN BROADLINE
1455.938,559.892,900.9965,3213.838,1.61592,0.1742129,GALAXY,STARFORMING
2325.545,3903.085,1094.148,4913.315,2.125439,0.7943893,GALAXY,AGN
29.51728,93.59654,37.75023,92.01307,0.7819099,1.017209,GALAXY,AGN BROADLINE
162.7762,161.9441,31.01513,161.4671,5.248282,1.002954,GALAXY,AGN
41.79163,116.943,36.12992,149.1658,1.156704,0.78398,GALAXY,AGN
43.00637,288.0701,49.00265,268.0405,0.8776336,1.074726,GALAXY,AGN
84.86417,1132.783,528.2588,2329.997,0.1606489,0.4861735,GALAXY,STARFORMING
78.40385,206.4456,34.39631,117.0103,2.279426,1.764337,GALAXY,BROADLINE
189.8469,342.1635,92.60195,302.042,2.05014,1.132834,GALAXY,BROADLINE
76.10181,729.2296,383.0296,1722.139,0.1986839,0.423444,GALAXY,STARFORMING
1704.267,3322.639,2891.352,9654.487,0.5894361,0.3441549,GALAXY,STARBURST
90.90462,262.5958,77.39585,216.7457,1.174541,1.211539,GALAXY,BROADLINE
4479.838,2631.448,390.6733,1518.775,11.46697,1.732612,GALAXY,AGN
73.50528,82.20657,32.34181,73.85476,2.272763,1.113084,GALAXY,BROADLINE
71.02692,188.4868,72.81252,188.7143,0.9754767,0.9987941,GALAXY,AGN BROADLINE
126.5477,178.4844,62.01491,169.6946,2.040601,1.051797,GALAXY,BROADLINE
174.8474,462.9719,104.2096,304.2175,1.677843,1.521845,GALAXY,BROADLINE
264.012,467.2952,112.2537,325.2346,2.351922,1.436794,GALAXY,AGN BROADLINE
80.82633,282.4006,54.47095,255.1709,1.483843,1.106712,GALAXY,BROADLINE
116.8972,305.0063,58.54771,220.3344,1.996615,1.384289,GALAXY,BROADLINE
103.0234,806.5703,255.9494,1351.254,0.4025146,0.5969052,GALAXY,STARFORMING
41.76096,195.756,77.88712,312.2826,0.5361729,0.6268553,GALAXY,STARFORMING BROADLINE
101.2242,200.3587,64.67158,198.5811,1.565205,1.008951,GALAXY,AGN BROADLINE
226.744,110.3457,164.6069,546.0482,1.377488,0.2020805,GALAXY,STARFORMING
1070.759,767.5396,1005.185,3609.891,1.065236,0.2126213,GALAXY,STARBURST
348.8553,398.4602,93.16865,356.2196,3.744342,1.11858,GALAXY,AGN
17.25338,88.33881,32.74776,130.0697,0.5268567,0.6791651,GALAXY,
61.82277,579.8856,372.3912,1385.206,0.1660157,0.4186277,GALAXY,STARFORMING
560.5691,1445.838,1035.339,4496.923,0.5414356,0.3215172,GALAXY,STARFORMING
146.4873,190.237,65.13222,182.1016,2.249076,1.044675,GALAXY,BROADLINE
55.42394,215.6467,45.51037,201.9977,1.217831,1.06757,GALAXY,AGN
74.66541,271.9353,56.83561,176.7421,1.313708,1.5386,GALAXY,BROADLINE
25.09711,32.48919,16.9884,44.8114,1.477309,0.7250207,GALAXY,
133.5058,666.3714,60.168,453.1498,2.218885,1.470532,GALAXY,BROADLINE
2677.809,1178.371,1503.864,5579.736,1.780619,0.2111875,GALAXY,STARBURST
7253.709,4399.159,1060.672,4263.61,6.838783,1.031792,GALAXY,AGN
211.3408,2770.666,720.7388,5146.56,0.293228,0.5383529,GALAXY,STARBURST
3972.619,664.9387,1664.396,5655.418,2.386824,0.1175755,GALAXY,STARBURST
394.5013,753.4088,177.2161,455.2635,2.226103,1.654885,GALAXY,BROADLINE
90.28316,183.9544,73.25039,175.6071,1.232528,1.047534,GALAXY,
58.93805,135.8701,65.82576,136.6208,0.8953645,0.9945053,GALAXY,
209.1131,486.6194,124.4478,476.8856,1.680329,1.020411,GALAXY,AGN BROADLINE
8954.299,1863.039,371.9298,1419.468,24.07524,1.312491,GALAXY,AGN
71.18873,270.8259,92.03091,457.5656,0.7735306,0.5918843,GALAXY,STARFORMING
1583.726,3436.171,2112.095,9728.388,0.7498365,0.3532107,GALAXY,STARBURST
162.2824,206.2247,73.72364,192.5704,2.201226,1.070905,GALAXY,
517.3818,1363.364,656.2391,2763.628,0.7884045,0.4933237,GALAXY,STARFORMING
1908.021,2376.142,1389.635,4664.218,1.373037,0.5094407,GALAXY,STARBURST
86.89826,890.7112,364.9189,1520.266,0.2381303,0.5858915,GALAXY,STARFORMING
437.4836,999.2396,736.7997,3255.661,0.5937618,0.3069237,GALAXY,STARBURST
162.5672,749.6603,359.1968,1612.713,0.4525854,0.4648442,GALAXY,STARFORMING
65.45517,182.8683,42.93926,130.0619,1.524366,1.40601,GALAXY,BROADLINE
98.29977,186.419,58.2608,164.4347,1.687237,1.133697,GALAXY,BROADLINE
37.99915,32.91954,13.37025,23.5131,2.842067,1.400051,GALAXY,
91.32575,300.6671,59.40524,181.6204,1.537335,1.65547,GALAXY,AGN BROADLINE
226.585,1894.952,776.2769,3296.398,0.2918869,0.5748554,GALAXY,STARFORMING
116.2104,271.7705,62.44405,227.8456,1.861033,1.192783,GALAXY,BROADLINE
56.14773,370.7054,41.92478,189.5407,1.339249,1.955809,GALAXY,BROADLINE
11018.13,1119.719,4301.879,15446.75,2.561236,0.07248896,GALAXY,STARBURST
7762.544,1268.215,2775.854,9702.91,2.796452,0.1307046,GALAXY,STARBURST
12019.25,682.8312,3700.566,10814.36,3.247949,0.06314114,GALAXY,STARBURST
253.1707,291.0413,143.4013,522.7062,1.76547,0.5567971,GALAXY,STARFORMING
43.11588,175.2826,68.57541,268.8489,0.6287368,0.6519744,GALAXY,BROADLINE
51.7423,105.8059,21.7062,80.52386,2.383757,1.31397,GALAXY,BROADLINE
82.57363,579.6799,312.4524,1652.13,0.2642759,0.3508681,GALAXY,STARFORMING
1971.623,3308.57,2298.977,9020.701,0.8576091,0.3667752,GALAXY,STARBURST
77.78214,228.3826,59.72147,163.2284,1.302415,1.39916,GALAXY,BROADLINE
77.72681,64.37513,34.5049,90.4764,2.252631,0.7115129,GALAXY,
80.87791,272.1594,54.23932,167.6142,1.491131,1.623726,GALAXY,BROADLINE
71.87603,145.7198,43.34217,126.1507,1.65834,1.155125,GALAXY,BROADLINE
2919.678,11348.98,4889.11,24495.59,0.5971798,0.463307,GALAXY,STARBURST
74.28274,185.7659,70.29488,164.4087,1.056731,1.129904,GALAXY,BROADLINE
1826.258,3339.275,1107.254,5518.173,1.649358,0.6051414,GALAXY,STARFORMING
12757.19,3189.435,4823.73,20424.81,2.644674,0.156155,GALAXY,STARBURST
506.8737,4048.196,1787.554,7713.12,0.2835571,0.5248454,GALAXY,STARBURST
1585.921,716.5037,293.4624,1090.344,5.404172,0.6571358,GALAXY,AGN
79.3125,42.68523,45.06057,127.7158,1.760131,0.3342204,GALAXY,
1579.43,571.5577,350.8303,1155.597,4.501978,0.4945995,GALAXY,AGN
92.52153,176.9046,56.26249,134.8918,1.644462,1.311456,GALAXY,BROADLINE
53.59435,420.8114,209.088,890.1371,0.2563244,0.472749,GALAXY,STARFORMING BROADLINE
740.4637,1676.39,1440.234,5141.542,0.5141274,0.3260482,GALAXY,STARBURST
59.41792,83.23093,35.97429,104.926,1.651677,0.7932346,GALAXY,
81.149,127.1413,30.49152,87.73166,2.661363,1.449206,GALAXY,BROADLINE
180.923,311.3887,97.50036,255.4175,1.855613,1.219136,GALAXY,BROADLINE
148.7356,232.6358,120.2066,347.2112,1.237334,0.6700124,GALAXY,BROADLINE
211.3722,501.8023,129.1813,421.3839,1.636245,1.190844,GALAXY,BROADLINE
81.09055,161.7245,50.02194,155.1755,1.6211,1.042204,GALAXY,
1169.688,949.1982,903.2375,3050.78,1.294995,0.3111329,GALAXY,STARBURST
107.5427,430.3494,121.8374,542.0471,0.8826737,0.7939337,GALAXY,AGN BROADLINE
178.2503,663.8597,195.8233,624.3655,0.9102609,1.063255,GALAXY,BROADLINE
1953.259,714.5389,1077.835,4017.025,1.812206,0.1778776,GALAXY,STARBURST
55.48438,109.8868,34.55673,88.40635,1.605603,1.242974,GALAXY,BROADLINE
68.05516,710.3118,417.0417,1877.448,0.1631855,0.3783389,GALAXY,STARFORMING
86.96863,406.1706,62.0535,372.817,1.40151,1.089463,GALAXY,BROADLINE
126.8201,670.4665,114.5313,550.9326,1.107296,1.216966,GALAXY,AGN
80.1971,375.2393,122.0768,531.1644,0.6569399,0.7064466,GALAXY,STARFORMING
149.7898,264.4351,52.08299,221.9852,2.875983,1.191228,GALAXY,BROADLINE
87.16379,269.6823,76.85022,205.3884,1.134204,1.313036,GALAXY,BROADLINE
584.3412,1152.682,963.6081,3773.98,0.6064097,0.3054287,GALAXY,STARBURST
117.381,399.5326,64.63816,265.0763,1.815971,1.507236,GALAXY,BROADLINE
188.0637,1512.794,883.1303,3514.546,0.2129512,0.430438,GALAXY,STARFORMING
108.6237,1305.83,933.6631,4170.417,0.1163414,0.3131173,GALAXY,STARBURST
5015.691,675.3439,1735.3,6185.803,2.890388,0.1091764,GALAXY,STARBURST
30.09905,103.6315,19.74608,97.4052,1.524305,1.063921,GALAXY,BROADLINE
154.6154,169.184,30.86487,192.6405,5.009431,0.8782368,GALAXY,AGN
49.65236,178.2657,74.59181,286.8227,0.6656542,0.6215189,GALAXY,STARFORMING
27.152,250.0941,127.6107,753.3354,0.2127721,0.3319824,GALAXY,STARFORMING
21.71961,67.01106,17.54804,92.536,1.237723,0.7241621,GALAXY,BROADLINE
114.1799,454.8624,90.62287,398.4968,1.259946,1.141446,GALAXY,AGN BROADLINE
119.3805,336.1245,81.98138,251.8802,1.45619,1.334462,GALAXY,BROADLINE
127.3183,149.4402,65.58327,174.3565,1.941323,0.857096,GALAXY,
82.02875,215.0643,48.27552,164.3297,1.699179,1.308737,GALAXY,BROADLINE
200.5896,667.1895,217.6756,946.1257,0.9215069,0.7051805,GALAXY,AGN BROADLINE
263.3925,1078.086,361.6868,1702.467,0.7282339,0.6332493,GALAXY,STARFORMING
10.70297,64.12659,45.38665,75.81604,0.2358176,0.8458182,GALAXY,
50.42423,221.2122,112.6786,473.5976,0.4475047,0.4670889,GALAXY,STARFORMING
36.31393,321.5735,185.3663,926.6036,0.1959036,0.3470455,GALAXY,STARFORMING
32.11982,63.31187,21.6263,64.67981,1.48522,0.9788507,GALAXY,
95.08416,726.9317,167.6909,1111.834,0.5670203,0.653813,GALAXY,STARFORMING
81.87686,177.0596,50.96485,146.8615,1.606536,1.205623,GALAXY,
156.8089,696.9832,226.3329,744.3316,0.6928242,0.936388,GALAXY,AGN BROADLINE
536.6819,586.8164,141.8775,448.3108,3.782712,1.30895,GALAXY,
115.3325,320.0678,103.4394,316.2162,1.114977,1.01218,GALAXY,BROADLINE
339.0571,1724.328,521.8772,3180.328,0.6496875,0.5421858,GALAXY,STARFORMING
566.772,712.1586,131.8963,465.7422,4.297103,1.529083,GALAXY,AGN
215.5769,685.4636,152.9578,621.7458,1.409388,1.102482,GALAXY,AGN BROADLINE
1735.613,990.6851,1122.651,4133.963,1.545995,0.2396454,GALAXY,STARBURST
18.52558,181.6212,130.786,500.5771,0.1416481,0.3628237,GALAXY,STARFORMING
315.4085,328.0672,275.602,988.5997,1.144435,0.3318504,GALAXY,STARFORMING
121.3114,436.0734,56.37286,214.6009,2.151946,2.03202,GALAXY,BROADLINE
297.0784,1592.368,985.0577,3830.594,0.3015848,0.4156974,GALAXY,STARBURST
83.02628,96.91234,48.51385,127.5425,1.711393,0.7598436,GALAXY,BROADLINE
44.78548,152.6894,45.76555,117.2329,0.9785849,1.302444,GALAXY,
1302.814,1001.818,417.2638,1502.731,3.122278,0.6666649,GALAXY,AGN
65.63897,187.5968,66.6058,155.6277,0.9854842,1.205421,GALAXY,BROADLINE
58.36701,110.5363,37.60159,106.0081,1.552249,1.042716,GALAXY,BROADLINE
24484.28,9508.756,14679.14,27576850.0,1.667964,0.0003448094,GALAXY,
9143.347,1255.078,3444.202,10139.75,2.654707,0.1237779,GALAXY,STARBURST
599.7603,1419.034,530.2423,2006.124,1.131106,0.7073509,GALAXY,STARFORMING
54.69788,39.3265,16.87301,48.38818,3.241738,0.8127296,GALAXY,
87.3298,571.8261,137.9081,788.512,0.6332463,0.7251964,GALAXY,BROADLINE
259.3684,432.9614,139.9934,503.4296,1.852719,0.8600237,GALAXY,AGN
130.9417,265.3135,60.57459,174.9685,2.161661,1.51635,GALAXY,BROADLINE
106.757,352.0308,63.33828,226.066,1.685504,1.557203,GALAXY,BROADLINE
134.741,373.7536,38.00314,234.9949,3.545522,1.590476,GALAXY,BROADLINE
111.6639,201.1858,68.12729,209.836,1.639047,0.9587764,GALAXY,BROADLINE
96.38228,166.5213,46.25677,169.3528,2.083636,0.9832807,GALAXY,BROADLINE
92.30627,176.0915,57.44889,120.4376,1.606755,1.462098,GALAXY,
13156.49,2859.94,4300.242,16343.5,3.059476,0.1749894,GALAXY,STARBURST
68.40302,214.1346,64.6038,203.0081,1.058808,1.054808,GALAXY,AGN
33.92199,114.2342,56.84223,171.5769,0.5967745,0.6657905,GALAXY,AGN BROADLINE
68.39828,37.00938,52.22805,114.1185,1.309608,0.3243065,GALAXY,BROADLINE
1912.046,2071.592,1983.003,7827.047,0.9642172,0.264671,GALAXY,STARBURST
118.8471,163.4656,74.31921,187.6475,1.599144,0.8711314,GALAXY,
374.064,2166.352,360.9016,1634.89,1.036471,1.325075,GALAXY,AGN
19.62262,118.2374,45.27298,190.7759,0.4334289,0.6197709,GALAXY,STARFORMING
80.73515,141.3919,39.16608,144.3445,2.061353,0.9795445,GALAXY,BROADLINE
61.79113,311.0701,85.17157,530.8751,0.7254901,0.5859573,GALAXY,STARFORMING BROADLINE
551.5575,269.7785,65.65705,178.5125,8.400583,1.511259,GALAXY,BROADLINE
124.6991,658.5085,148.1255,854.4304,0.8418476,0.7706989,GALAXY,AGN BROADLINE
264.8692,2276.76,538.125,3547.048,0.4922076,0.6418747,GALAXY,STARFORMING BROADLINE
1355.455,568.36,811.5004,2749.054,1.670307,0.2067474,GALAXY,STARFORMING
284.6534,805.7728,727.3481,2336.337,0.3913579,0.3448873,GALAXY,STARFORMING
140.0379,350.5291,121.418,384.743,1.153354,0.9110734,GALAXY,AGN BROADLINE
176.1196,158.6986,77.32465,198.8465,2.277665,0.7980964,GALAXY,BROADLINE
271.4195,590.0403,157.2387,562.8011,1.726162,1.048399,GALAXY,BROADLINE
86.76347,162.4303,42.62683,120.1023,2.035419,1.352433,GALAXY,
5256.093,2522.573,508.3492,2076.596,10.33953,1.214763,GALAXY,AGN
88.93002,311.5451,94.80769,350.2201,0.9380043,0.8895696,GALAXY,AGN BROADLINE
191.7525,359.933,154.0257,361.0269,1.244938,0.9969701,GALAXY,AGN BROADLINE
745.2076,1299.615,1114.49,3924.727,0.6686536,0.3311351,GALAXY,STARBURST
1502.679,1604.599,2032.06,7346.167,0.7394858,0.2184266,GALAXY,STARBURST
137.6838,387.6001,53.41529,211.0105,2.57761,1.836876,GALAXY,BROADLINE
1868.851,1157.015,1289.027,13482.17,1.449815,0.08581816,GALAXY,STARBURST
95.86843,233.0077,80.34064,269.9392,1.193274,0.8631858,GALAXY,AGN BROADLINE
163.1914,374.1367,90.46081,331.9119,1.804001,1.127217,GALAXY,BROADLINE
38.96968,101.0841,26.90616,88.25185,1.448355,1.145405,GALAXY,
4906.175,1688.508,2548.965,9633.144,1.924772,0.1752811,GALAXY,STARBURST
223.2598,609.8395,82.99665,414.6097,2.689986,1.470876,GALAXY,BROADLINE
72.56512,76.92385,28.16418,110.8964,2.576504,0.6936551,GALAXY,BROADLINE
213.7396,3631.537,1910.431,9145.261,0.1118803,0.397095,GALAXY,STARBURST
134.8342,251.4209,79.38587,255.7835,1.698466,0.982944,GALAXY,BROADLINE
70.23619,262.5193,76.1598,316.2869,0.9222214,0.8300038,GALAXY,STARFORMING
5955.773,3280.528,5045.405,20515.44,1.180435,0.1599053,GALAXY,STARBURST
138.9392,450.2533,134.2236,493.7185,1.035133,0.9119636,GALAXY,AGN BROADLINE
43.85452,460.9834,207.4138,1205.747,0.2114349,0.3823218,GALAXY,STARFORMING
21.6608,51.15797,25.08844,72.8876,0.8633777,0.7018748,GALAXY,
58.03428,137.0748,20.74319,84.8021,2.797751,1.616408,GALAXY,BROADLINE
54.47893,189.5051,73.26811,197.618,0.7435558,0.9589468,GALAXY,BROADLINE
58.46272,165.7939,28.28861,121.3435,2.066652,1.366319,GALAXY,BROADLINE
97.21776,668.8825,238.2069,1254.072,0.4081232,0.5333685,GALAXY,STARFORMING
110.6279,253.2597,53.06117,148.1966,2.084912,1.708945,GALAXY,BROADLINE
240.6829,1352.651,794.4638,2901.117,0.3029501,0.4662518,GALAXY,STARBURST
10957.91,574.0336,2728.549,8754.15,4.016023,0.06557274,GALAXY,STARBURST
348.8607,1923.482,1051.751,4677.088,0.3316952,0.4112564,GALAXY,STARBURST
64.46188,252.1562,128.47,517.2263,0.501766,0.4875163,GALAXY,STARFORMING
104.9556,514.2526,138.3292,609.3069,0.7587379,0.843996,GALAXY,STARFORMING BROADLINE
157.364,1044.788,452.9144,2716.665,0.3474476,0.3845847,GALAXY,STARBURST
4630.146,786.9276,1815.981,6263.582,2.549666,0.1256354,GALAXY,STARBURST
373.0042,1784.927,434.1843,1785.013,0.8590919,0.9999513,GALAXY,STARFORMING
478.0686,7663.177,2424.668,12356.05,0.1971687,0.6201966,GALAXY,STARBURST
85.76681,355.5422,48.0264,289.6452,1.785826,1.227509,GALAXY,
77.36827,444.0481,133.1039,677.5945,0.5812623,0.6553302,GALAXY,STARFORMING
116.9357,392.2331,45.45727,187.1837,2.57243,2.095444,GALAXY,BROADLINE
67.62151,201.4591,39.88143,161.1562,1.695564,1.250086,GALAXY,
6863.945,16486.71,8340.336,164078.1,0.8229818,0.1004808,GALAXY,STARBURST
155.4445,242.2809,77.28137,202.3219,2.01141,1.197502,GALAXY,BROADLINE
4662.001,766.4092,2019.77,6348.095,2.308184,0.1207306,GALAXY,STARBURST
52.71618,281.6805,108.1283,539.2323,0.4875335,0.5223732,GALAXY,BROADLINE
123.3203,249.4008,63.71803,185.8449,1.935407,1.341984,GALAXY,
141.2283,321.8531,88.41828,276.3123,1.597275,1.164816,GALAXY,BROADLINE
201.5748,450.8914,206.0101,662.5453,0.9784706,0.6805443,GALAXY,AGN BROADLINE
145.0347,190.2814,55.69787,253.9137,2.603955,0.7493938,GALAXY,
103.2959,248.8441,132.2756,545.1429,0.7809142,0.456475,GALAXY,STARFORMING
179.4148,322.5274,66.13549,195.8789,2.712836,1.646565,GALAXY,BROADLINE
34.57538,244.7312,107.2656,569.126,0.3223343,0.4300123,GALAXY,STARFORMING
2177.013,9547.86,6676.039,24878.14,0.3260935,0.3837851,GALAXY,STARBURST
1271.243,2882.77,1636.342,6149.114,0.7768807,0.4688106,GALAXY,STARBURST
14803.74,1302.108,4171.77,14603.09,3.548551,0.08916661,GALAXY,STARBURST
961.3674,5967.541,2898.773,12253.38,0.3316464,0.4870116,GALAXY,STARBURST
143.7628,2078.238,1259.272,5752.388,0.1141635,0.3612826,GALAXY,STARFORMING
1210.058,3413.577,2189.936,6989.356,0.5525541,0.4883965,GALAXY,STARFORMING
35.53726,81.15689,25.52647,71.53404,1.392173,1.134521,GALAXY,BROADLINE
71.22566,276.9063,114.3835,345.9566,0.6226916,0.8004076,GALAXY,STARFORMING BROADLINE
50.58071,248.5654,76.73728,323.3768,0.6591412,0.7686558,GALAXY,BROADLINE
85.07539,191.6503,54.70678,156.6076,1.555116,1.223762,GALAXY,AGN BROADLINE
80.14186,142.0237,51.2449,119.0334,1.563899,1.193141,GALAXY,BROADLINE
322.9424,952.0886,273.2791,1393.726,1.181731,0.6831246,GALAXY,STARFORMING
41.67574,153.0956,94.03584,314.4588,0.4431899,0.4868542,GALAXY,STARFORMING
51.85497,104.0426,36.20171,125.0323,1.43239,0.8321257,GALAXY,BROADLINE
173.5253,3133.535,1019.062,4204.322,0.1702794,0.7453129,GALAXY,STARBURST
736.9949,792.3568,772.2027,2895.579,0.954406,0.2736437,GALAXY,STARBURST
583.4297,1083.899,338.0573,1279.977,1.725831,0.8468115,GALAXY,AGN
41.32278,239.3056,50.71491,317.5425,0.8148054,0.7536174,GALAXY,BROADLINE
274.8371,371.7639,191.8363,536.1171,1.432665,0.6934378,GALAXY,AGN BROADLINE
102.5857,413.7291,108.9401,582.6293,0.941671,0.7101068,GALAXY,BROADLINE
570.2411,541.8184,116.9107,439.5366,4.877577,1.232704,GALAXY,
164.0984,216.8859,84.0078,228.567,1.953371,0.9488944,GALAXY,
63.30166,196.1835,100.6122,207.4299,0.6291651,0.9457825,GALAXY,BROADLINE
37.13248,91.36058,31.96688,88.71162,1.161592,1.02986,GALAXY,BROADLINE
240.483,1365.508,395.9485,1467.31,0.6073593,0.9306201,GALAXY,STARFORMING
75.94299,450.9983,116.3211,427.9624,0.6528735,1.053827,GALAXY,STARFORMING
49.38637,122.4662,29.8757,113.8996,1.653061,1.075212,GALAXY,BROADLINE
73.94783,403.2687,91.67425,536.8188,0.8066369,0.7512194,GALAXY,AGN
47.51338,285.7814,104.6673,456.9527,0.4539466,0.6254071,GALAXY,BROADLINE
44.89263,146.7658,79.70309,197.6471,0.5632483,0.7425649,GALAXY,BROADLINE
40.61372,62.81833,21.04591,62.98951,1.929768,0.9972824,GALAXY,BROADLINE
87.45499,316.6233,38.51067,188.103,2.270929,1.683244,GALAXY,BROADLINE
41.38725,91.13499,41.11842,111.9505,1.006538,0.8140647,GALAXY,
102.8358,404.612,162.1257,555.7126,0.6342968,0.7280958,GALAXY,AGN BROADLINE
110.6979,1293.396,658.7897,2933.444,0.1680322,0.4409137,GALAXY,STARBURST
87.94145,200.7354,44.57708,164.4708,1.972795,1.220492,GALAXY,
237.6495,1717.963,252.3057,1606.07,0.9419109,1.069669,GALAXY,AGN
145.5356,177.0869,71.17275,197.6694,2.044822,0.8958739,GALAXY,BROADLINE
782.5197,655.5192,743.0601,2808.334,1.053104,0.2334193,GALAXY,STARFORMING
3823.379,2141.056,811.241,3142.346,4.713001,0.681356,GALAXY,AGN
508.5398,1545.731,942.5247,4642.195,0.5395506,0.3329742,GALAXY,STARBURST
47.19717,145.9844,58.07232,231.8428,0.8127309,0.6296697,GALAXY,BROADLINE
101.4318,641.1528,263.4741,1088.59,0.3849782,0.5889753,GALAXY,STARFORMING BROADLINE
4133.134,6907.328,3754.218,16633.67,1.100931,0.4152619,GALAXY,STARBURST
226.6759,356.4591,93.03514,289.9238,2.436454,1.229493,GALAXY,BROADLINE
130.6564,436.6714,85.61443,263.0497,1.526103,1.660034,GALAXY,BROADLINE
53.40701,159.3333,26.0278,125.3575,2.051922,1.271031,GALAXY,
158.3275,395.7206,60.84628,236.7975,2.60209,1.671134,GALAXY,BROADLINE
89.25125,42.46384,22.78214,47.67188,3.917597,0.8907523,GALAXY,BROADLINE
108.0444,120.3634,77.4583,113.1519,1.394872,1.063733,GALAXY,
4497.978,594.0681,830.3254,2613.398,5.417126,0.2273163,GALAXY,STARFORMING
49.02039,88.33646,30.35538,85.30647,1.614883,1.035519,GALAXY,
75.49704,192.9624,44.34372,137.1607,1.702542,1.406834,GALAXY,BROADLINE
161.6243,340.0758,54.38554,260.5184,2.971826,1.305381,GALAXY,BROADLINE
161.9444,279.7395,73.57055,220.337,2.201212,1.269598,GALAXY,BROADLINE
105.9821,301.6192,58.14252,180.6384,1.822799,1.669741,GALAXY,BROADLINE
61.01204,427.5466,145.8181,838.1998,0.418412,0.5100772,GALAXY,STARFORMING
106.8847,398.0862,86.50205,318.1252,1.235632,1.251351,GALAXY,AGN
73.63195,163.5085,46.78571,135.7106,1.573813,1.204832,GALAXY,BROADLINE
86.70879,269.4178,52.2738,170.908,1.658743,1.576391,GALAXY,BROADLINE
63.36956,78.99485,39.62777,81.65417,1.59912,0.967432,GALAXY,
2322.263,6562.333,2452.829,11302.42,0.9467694,0.5806131,GALAXY,STARBURST
697.5121,4053.742,1368.104,7515.619,0.5098385,0.5393757,GALAXY,STARBURST
149.2708,4741.003,832.6299,7764.896,0.1792763,0.6105688,GALAXY,STARBURST
277.4959,326.3254,90.22186,351.6455,3.075706,0.9279952,GALAXY,AGN
126.7982,90.12407,29.01049,68.31363,4.370771,1.319269,GALAXY,BROADLINE
88.57294,361.4651,78.22061,287.6976,1.132348,1.256407,GALAXY,AGN BROADLINE
86.02824,89.62,40.26621,80.17516,2.136487,1.117803,GALAXY,BROADLINE
98.09519,111.2692,32.13317,88.84267,3.05277,1.25243,GALAXY,BROADLINE
